,Days,Percentage(%),期限结构策略 Monthly Return(%),ETF对冲策略 Monthly Return(%),等权组合 Monthly Return(%),动态策略选择 Monthly Return(%)
State 1,480.0,20.565552699228792,12.574679720759047,0.5379382833710741,8.057220016243422,3.4965743198131785
State 2,979.0,41.94515852613539,1.9956205132326579,4.508241306026226,3.0786248825639246,3.475649337873743
State 3,322.0,13.79605826906598,-1.9802359402203369,4.0624961225332195,0.9652886179193663,0.9708568233149447
State 4,350.0,14.995715509854326,3.2565900195620183,-0.6238791281658653,2.5011200062702863,2.522586470964181
State 5,3.0,0.12853470437017994,0.8788721326700333,16.492679106253263,8.685775619461648,6.205260184009807
State 6,200.0,8.56898029134533,13.2098812965091,-4.859067492426358,4.39855747292214,13.656182438270637
